{
  "colors": {
    "wealth_success": {
      "name": "Gold",
      "hex": "#D4AF37"
    },
    "calm_peace": {
      "name": "Blue",
      "hex": "#3B82F6"
    },
    "energy_passion": {
      "name": "Red",
      "hex": "#EF4444"
    },
    "security_grounding": {
      "name": "Green",
      "hex": "#10B981"
    },
    "clarity_focus": {
      "name": "White",
      "hex": "#FFFFFF"
    }
  },
  "symbols": [
    {
      "key": "shield",
      "label": "Shield \u2014 Security"
    },
    {
      "key": "crown",
      "label": "Crown \u2014 Success"
    },
    {
      "key": "door",
      "label": "Open Door \u2014 Opportunity"
    },
    {
      "key": "mountain",
      "label": "Mountain \u2014 Perseverance"
    },
    {
      "key": "heart",
      "label": "Heart \u2014 Love/Connection"
    }
  ]
}